candidate_id,family,target_mode,outlier_policy,validation_month,fit_rows,validation_rows,smearing_factor,fit_seconds,rmse,mae,r2
ridge__raw__config_1,ridge,raw,all_rows,2025-07,28806,4912,1.0,1.8910191909999412,693.2283317092161,368.0700456256492,0.7877729398005545
ridge__raw__config_1,ridge,raw,all_rows,2025-08,33718,4759,1.0,1.4635527119971812,627.6730372643909,160.56702074522565,0.8188717699319643
ridge__raw__config_1,ridge,raw,all_rows,2025-09,38477,4670,1.0,0.4910428770017461,632.0618646246722,163.4930046862702,0.8278383574888882
ridge__raw__config_2,ridge,raw,all_rows,2025-07,28806,4912,1.0,1.8643120800006727,680.8141792241637,338.7059279087731,0.7953058951948786
ridge__raw__config_2,ridge,raw,all_rows,2025-08,33718,4759,1.0,2.137878917001217,627.6728229746741,160.99050864456686,0.818871893607535
ridge__raw__config_2,ridge,raw,all_rows,2025-09,38477,4670,1.0,2.5095267230026366,631.7275209319821,162.38721768091796,0.828020447054377
ridge__raw__config_3,ridge,raw,all_rows,2025-07,28806,4912,1.0,1.6918424050018075,661.0349831107995,285.2227176174027,0.8070267824062392
ridge__raw__config_3,ridge,raw,all_rows,2025-08,33718,4759,1.0,1.6688370109986863,626.9067153947057,161.38081240664775,0.819313776467661
ridge__raw__config_3,ridge,raw,all_rows,2025-09,38477,4670,1.0,0.6170691290026298,629.5940433065838,156.4079495609664,0.8291801082755997
ridge__raw__config_4,ridge,raw,all_rows,2025-07,28806,4912,1.0,0.3384430549995159,648.8712118662588,244.72999565921674,0.8140632807693138
ridge__raw__config_4,ridge,raw,all_rows,2025-08,33718,4759,1.0,1.7209625739997136,625.3256855635266,160.98041893574992,0.820223991907397
ridge__raw__config_4,ridge,raw,all_rows,2025-09,38477,4670,1.0,2.9239974660013104,626.0850184959987,146.02077327193282,0.8310789217845976
ridge__log__config_1,ridge,log,all_rows,2025-07,28806,4912,1.0129070963996953,0.6207611989993893,654.4377167032363,244.9300521251168,0.8108593869687568
ridge__log__config_1,ridge,log,all_rows,2025-08,33718,4759,1.0128527040405926,0.5088379199987685,613.8887089788634,106.87702031259563,0.8267399289333289
ridge__log__config_1,ridge,log,all_rows,2025-09,38477,4670,1.012903011638357,2.515667828000005,621.3263677343767,119.13061546657171,0.8336369819703932
ridge__log__config_2,ridge,log,all_rows,2025-07,28806,4912,1.0129135788741899,1.9070780820002255,648.8196250675201,228.23882325618965,0.8140928444135288
ridge__log__config_2,ridge,log,all_rows,2025-08,33718,4759,1.0128548588510853,1.7230795550021867,613.8396736379008,107.6311864924647,0.8267676066776015
ridge__log__config_2,ridge,log,all_rows,2025-09,38477,4670,1.0129041918764423,0.7360907180009235,621.2760038980356,119.00139249192041,0.8336639511790616
ridge__log__config_3,ridge,log,all_rows,2025-07,28806,4912,1.0129605474655081,2.146709782999096,646.2876459244602,219.36431729601046,0.8155409959731535
ridge__log__config_3,ridge,log,all_rows,2025-08,33718,4759,1.0128927020619225,2.175505571998656,613.2781669561458,106.38655089110809,0.8270843886041607
ridge__log__config_3,ridge,log,all_rows,2025-09,38477,4670,1.0129319095179299,2.3300953040015884,622.1620650305604,121.38704867146947,0.8331891573482473
ridge__log__config_4,ridge,log,all_rows,2025-07,28806,4912,1.0131534173730108,0.488023426001746,646.888399032416,216.8617360253672,0.8151979108961668
ridge__log__config_4,ridge,log,all_rows,2025-08,33718,4759,1.0130740398231377,1.785956645002443,613.4425386841601,108.19211136735335,0.8269916859831007
ridge__log__config_4,ridge,log,all_rows,2025-09,38477,4670,1.0130837279695675,2.7216402039994136,621.9581096731027,121.87850124169516,0.8332985063120044
extra_trees__raw__config_1,extra_trees,raw,all_rows,2025-07,28806,4912,1.0,26.21928850599943,752.0490873213124,198.84257608916937,0.7502298538838904
extra_trees__raw__config_1,extra_trees,raw,all_rows,2025-08,33718,4759,1.0,31.70573375699678,731.2280543393007,236.3831507669679,0.7541756568745795
extra_trees__raw__config_1,extra_trees,raw,all_rows,2025-09,38477,4670,1.0,29.597333144000004,721.6008973419587,172.40021928979306,0.7756059430136183
extra_trees__raw__config_2,extra_trees,raw,all_rows,2025-07,28806,4912,1.0,9.90801363099672,656.1879615829034,152.63239971658604,0.8098463491956306
extra_trees__raw__config_2,extra_trees,raw,all_rows,2025-08,33718,4759,1.0,12.545887248998042,655.223287650472,199.03808798715133,0.8026224081470315
extra_trees__raw__config_2,extra_trees,raw,all_rows,2025-09,38477,4670,1.0,14.19936147199769,629.3562734971782,130.96276995422772,0.8293091061405957
extra_trees__raw__config_3,extra_trees,raw,all_rows,2025-07,28806,4912,1.0,15.347031784000137,694.5418663205807,177.05560039917174,0.7869679187654632
extra_trees__raw__config_3,extra_trees,raw,all_rows,2025-08,33718,4759,1.0,17.99029486099971,689.9168316790955,220.86057935616697,0.7811670687397708
extra_trees__raw__config_3,extra_trees,raw,all_rows,2025-09,38477,4670,1.0,21.349757743999362,650.8544145228141,147.06917401392673,0.8174486995493311
extra_trees__raw__config_4,extra_trees,raw,all_rows,2025-07,28806,4912,1.0,8.734178609000082,641.5751226911361,139.63835149703172,0.8182212209086921
extra_trees__raw__config_4,extra_trees,raw,all_rows,2025-08,33718,4759,1.0,10.699333893000585,642.3762143070828,190.36158570208417,0.8102865594632105
extra_trees__raw__config_4,extra_trees,raw,all_rows,2025-09,38477,4670,1.0,12.467470577998029,619.7799735278132,122.36507579833012,0.83446405989621
extra_trees__log__config_1,extra_trees,log,all_rows,2025-07,28806,4912,1.0,18.032525163001992,677.0814480537723,160.5123989185495,0.7975443135272693
extra_trees__log__config_1,extra_trees,log,all_rows,2025-08,33718,4759,1.0,21.883761269000388,672.3994043044758,206.07813110223245,0.792138605311366
extra_trees__log__config_1,extra_trees,log,all_rows,2025-09,38477,4670,1.0,25.195408502000646,648.0589221491589,146.64536788850666,0.819013488277844
extra_trees__log__config_2,extra_trees,log,all_rows,2025-07,28806,4912,1.00695196320445,9.61063175199888,636.427312211633,125.8009811822765,0.8211265971564649
extra_trees__log__config_2,extra_trees,log,all_rows,2025-08,33718,4759,1.0069395354777653,11.848906039998838,636.1453848966787,179.6969327350583,0.8139490214639213
extra_trees__log__config_2,extra_trees,log,all_rows,2025-09,38477,4670,1.0069712812748008,13.672345978000521,618.7381693917024,116.51962264678703,0.8350200994313479
extra_trees__log__config_3,extra_trees,log,all_rows,2025-07,28806,4912,1.0033881911208689,14.666492577001918,649.0538556978236,141.38200151178077,0.8139585913525108
extra_trees__log__config_3,extra_trees,log,all_rows,2025-08,33718,4759,1.0032772335512041,18.456626638999296,647.5889320404715,191.86249140478202,0.8071951154777359
extra_trees__log__config_3,extra_trees,log,all_rows,2025-09,38477,4670,1.0032725214142286,20.909405895999953,629.3735564812636,131.72140463952962,0.8292997312010503
extra_trees__log__config_4,extra_trees,log,all_rows,2025-07,28806,4912,1.0090032748644526,8.469908264996775,630.4898798352714,119.62417896559403,0.824448562189027
extra_trees__log__config_4,extra_trees,log,all_rows,2025-08,33718,4759,1.0089694947887227,10.441219262000232,634.0186677291514,172.89121768510086,0.8151909275380634
extra_trees__log__config_4,extra_trees,log,all_rows,2025-09,38477,4670,1.009005154005539,12.51694272000168,614.6941458545537,109.46275234236636,0.8371696428334052
hist_gradient_boosting__raw__config_1,hist_gradient_boosting,raw,all_rows,2025-07,28806,4912,1.0,3.7231370669978787,656.4000257226869,190.02291202154237,0.809723423178261
hist_gradient_boosting__raw__config_1,hist_gradient_boosting,raw,all_rows,2025-08,33718,4759,1.0,4.5612827529985225,637.179367817055,173.3259979330907,0.8133437199731294
hist_gradient_boosting__raw__config_1,hist_gradient_boosting,raw,all_rows,2025-09,38477,4670,1.0,4.550547687998915,618.4214721402574,122.03016160354866,0.835188944064047
hist_gradient_boosting__raw__config_2,hist_gradient_boosting,raw,all_rows,2025-07,28806,4912,1.0,7.105848361999961,679.909899890806,216.7115788816196,0.7958492966866714
hist_gradient_boosting__raw__config_2,hist_gradient_boosting,raw,all_rows,2025-08,33718,4759,1.0,8.033786980999139,644.2310851578045,188.26829426485017,0.8091893769322683
hist_gradient_boosting__raw__config_2,hist_gradient_boosting,raw,all_rows,2025-09,38477,4670,1.0,8.647141278997879,619.0102174505081,136.78416483717797,0.8348749901398301
hist_gradient_boosting__raw__config_3,hist_gradient_boosting,raw,all_rows,2025-07,28806,4912,1.0,9.11303356999997,670.4449398507289,212.98687725549905,0.8014936584466485
hist_gradient_boosting__raw__config_3,hist_gradient_boosting,raw,all_rows,2025-08,33718,4759,1.0,8.915889274001529,644.379331027186,189.14522365712483,0.809101550865057
hist_gradient_boosting__raw__config_3,hist_gradient_boosting,raw,all_rows,2025-09,38477,4670,1.0,7.79134496199913,619.2951081418131,129.90077014376965,0.8347229622662191
hist_gradient_boosting__raw__config_4,hist_gradient_boosting,raw,all_rows,2025-07,28806,4912,1.0,2.7011535379970155,682.8888361624297,253.15845642963654,0.7940564585351935
hist_gradient_boosting__raw__config_4,hist_gradient_boosting,raw,all_rows,2025-08,33718,4759,1.0,3.024918154998886,637.5846056993603,171.6168532986816,0.8131062224879485
hist_gradient_boosting__raw__config_4,hist_gradient_boosting,raw,all_rows,2025-09,38477,4670,1.0,3.285770255999523,620.4177390517814,130.28741760416315,0.8341232052753071
hist_gradient_boosting__log__config_1,hist_gradient_boosting,log,all_rows,2025-07,28806,4912,1.0115462670073256,3.0522235040007217,631.4552943742638,128.86327123140677,0.8239105371682253
hist_gradient_boosting__log__config_1,hist_gradient_boosting,log,all_rows,2025-08,33718,4759,1.0116450352664137,3.457706445999065,621.9813568089805,144.65196032857085,0.8221417840469195
hist_gradient_boosting__log__config_1,hist_gradient_boosting,log,all_rows,2025-09,38477,4670,1.0119008359988106,3.898195122001198,616.4368506914522,107.1905192673141,0.8362450610685683
hist_gradient_boosting__log__config_2,hist_gradient_boosting,log,all_rows,2025-07,28806,4912,1.0084941720694605,5.018594468998344,643.1139129038036,160.84946749847188,0.8173481981131172
hist_gradient_boosting__log__config_2,hist_gradient_boosting,log,all_rows,2025-08,33718,4759,1.0088653270012709,5.666719987999386,628.6332880295719,162.31045323772318,0.8183171449786039
hist_gradient_boosting__log__config_2,hist_gradient_boosting,log,all_rows,2025-09,38477,4670,1.009251293147144,6.305798084002163,616.7790649897479,116.34264248531484,0.8360631938212375
hist_gradient_boosting__log__config_3,hist_gradient_boosting,log,all_rows,2025-07,28806,4912,1.00914027455168,6.978876476998266,637.5501909249932,145.2341734302719,0.8204948507813133
hist_gradient_boosting__log__config_3,hist_gradient_boosting,log,all_rows,2025-08,33718,4759,1.0095071460988778,7.869021597998653,627.4410856356145,156.84663505383378,0.8190056142193669
hist_gradient_boosting__log__config_3,hist_gradient_boosting,log,all_rows,2025-09,38477,4670,1.0098501795118442,8.79327612400084,615.8041813361112,111.01248156601467,0.8365810227038631
hist_gradient_boosting__log__config_4,hist_gradient_boosting,log,all_rows,2025-07,28806,4912,1.0102660618443138,2.9233845799972187,642.2118104919589,157.4293029052961,0.8178602538002611
hist_gradient_boosting__log__config_4,hist_gradient_boosting,log,all_rows,2025-08,33718,4759,1.0105089818271542,3.3323190980008803,622.4663023291242,145.08963176123984,0.8218643314566055
hist_gradient_boosting__log__config_4,hist_gradient_boosting,log,all_rows,2025-09,38477,4670,1.0107938346258047,3.754775483997946,615.8709497366843,109.23153341437055,0.8365455834665494
hist_gradient_boosting__raw__normal_labels_only,hist_gradient_boosting,raw,normal_labels_only,2025-07,28587,4912,1.0,4.747917228000006,643.5176272054166,159.30312934713504,0.8171188070581115
hist_gradient_boosting__raw__normal_labels_only,hist_gradient_boosting,raw,normal_labels_only,2025-08,33460,4759,1.0,5.292408673001773,625.0694604828246,151.4167421631611,0.8203712869446581
hist_gradient_boosting__raw__normal_labels_only,hist_gradient_boosting,raw,normal_labels_only,2025-09,38183,4670,1.0,5.757702744998824,619.1884403685465,121.38353026647131,0.8347798922018098
